time,population,Conc
0,R,1e6
1,R,0.999901003721396
2,R,0.9999019886766247
3,R,0.9999029638399963
4,R,0.9999039293042403
5,R,0.9999048851642598
6,R,0.9999058315102454
7,R,0.9999067684398438
8,R,0.9999076960217528
9,R,0.9999086143718517
10,R,0.9999095235929852
0,N,100
1,N,1000098.0059808064
2,N,1000097.020832522
3,N,1000096.0454798946
4,N,1000095.0798301512
5,N,1000094.1237883146
6,N,1000093.1772641251
7,N,1000092.2401598606
8,N,1000091.3124067623
9,N,1000090.3938888545
10,N,1000089.4845032472
